COUNTRY,ISO3,Population,WHO_REGION,DATA_SOURCE,DATE_UPDATED,TOTAL_VACCINATIONS,PERSONS_VACCINATED_1PLUS_DOSE,TOTAL_VACCINATIONS_PER100,PERSONS_VACCINATED_1PLUS_DOSE_PER100,PERSONS_FULLY_VACCINATED,PERSONS_FULLY_VACCINATED_PER100,VACCINES_USED,FIRST_VACCINE_DATE,NUMBER_VACCINES_TYPES_USED,PERSONS_BOOSTER_ADD_DOSE,PERSONS_BOOSTER_ADD_DOSE_PER100
Afghanistan,AFG,39835428,1,REPORTING,27/07/2022,8040605,7294709,20.655,18.739,6571487,16.881,"AstraZeneca - Vaxzevria,Beijing CNBG - BBIBP-CorV,Bharat - Covaxin,CanSino - Convidecia,Gamaleya - Gam-Covid-Vac,Gamaleya - Sputnik-Light,Janssen - Ad26.COV 2-S,Moderna - Spikevax,Pfizer BioNTech - Comirnaty,SII - Covishield,Sinovac - CoronaVac",22/02/2021,11,,
Albania,ALB,2811666,2,REPORTING,24/07/2022,2934116,1330520,102,46.751,1253962,44.061,"AstraZeneca - Vaxzevria,Gamaleya - Gam-Covid-Vac,Pfizer BioNTech - Comirnaty,SII - Covishield,Sinovac - CoronaVac",13/01/2021,5,338290,11.887
Algeria,DZA,44616626,3,REPORTING,3/07/2022,15205854,7840131,34.676,17.879,6481186,14.78,"Beijing CNBG - BBIBP-CorV,Gamaleya - Gam-Covid-Vac,SII - Covishield,Sinovac - CoronaVac",30/01/2021,4,514063,1.172
American Samoa,ASM,55103,4,REPORTING,24/06/2022,109507,44586,198.393,80.776,41160,74.569,"Janssen - Ad26.COV 2-S,Moderna - Spikevax,Pfizer BioNTech - Comirnaty",21/12/2020,3,23501,42.577
Andorra,AND,77354,2,REPORTING,10/07/2022,153531,57888,198.7,75.991,53460,70.179,"AstraZeneca - Vaxzevria,Moderna - Spikevax,Pfizer BioNTech - Comirnaty",20/01/2021,3,42183,55.375
Angola,AGO,33933611,3,REPORTING,24/07/2022,21323036,13639803,64.878,41.501,7478983,22.756,SII - Covishield,10/03/2021,1,944797,2.875
Anguilla,AIA,,5,REPORTING,29/07/2022,24060,10837,160.379,72.237,10273,68.478,"AstraZeneca - Vaxzevria,Pfizer BioNTech - Comirnaty",5/02/2021,2,2950,19.664
Antigua and Barbuda,ATG,98728,5,REPORTING,29/07/2022,136185,64176,139.065,65.533,62171,63.486,"AstraZeneca - Vaxzevria,Beijing CNBG - BBIBP-CorV,Gamaleya - Gam-Covid-Vac,Janssen - Ad26.COV 2-S,Pfizer BioNTech - Comirnaty,SII - Covishield",1/03/2021,6,9838,10.046
Argentina,ARG,45808747,5,REPORTING,29/07/2022,107642110,41196842,238.169,91.152,37688633,83.39,"AstraZeneca - Vaxzevria,Beijing CNBG - BBIBP-CorV,CanSino - Convidecia,Gamaleya - Gam-Covid-Vac,Moderna - Spikevax,Pfizer BioNTech - Comirnaty,SII - Covishield",29/12/2020,7,29075586,64.333
Armenia,ARM,2968128,2,REPORTING,22/05/2022,2150112,1129669,72.6,38.123,985807,33.268,"AstraZeneca - Vaxzevria,Beijing CNBG - BBIBP-CorV,Gamaleya - Gam-Covid-Vac,Gamaleya - Sputnik-Light,Moderna - Spikevax,Pfizer BioNTech - Comirnaty,Sinovac - CoronaVac,Wuhan CNBG - Inactivated",16/06/2021,8,40725,1.374
Aruba,ABW,107195,5,REPORTING,29/07/2022,172654,89458,161.713,83.789,83196,77.924,"Janssen - Ad26.COV 2-S,Pfizer BioNTech - Comirnaty",17/02/2021,2,,
Australia,AUS,25739256,4,REPORTING,26/07/2022,62032927,22386084,243.267,87.789,21719304,85.174,"AstraZeneca - Vaxzevria,Janssen - Ad26.COV 2-S,Moderna - Spikevax,Novavax-NUVAXOVID,Pfizer BioNTech - Comirnaty",21/02/2021,5,14067925,55.169
Austria,AUT,8956279,2,REPORTING,10/07/2022,18683895,6879462,209.9,77.387,6973486,78.344,"AstraZeneca - Vaxzevria,Janssen - Ad26.COV 2-S,Moderna - Spikevax,Novavax-NUVAXOVID,Pfizer BioNTech - Comirnaty,Unknown Vaccine",30/12/2020,6,5005019,56.229
Azerbaijan,AZE,10145212,2,REPORTING,24/07/2022,13666315,5387808,134.8,53.139,4860922,47.942,"AstraZeneca - Vaxzevria,Gamaleya - Gam-Covid-Vac,Gamaleya - Sputnik-Light,Pfizer BioNTech - Comirnaty,Sinovac - CoronaVac",20/01/2021,5,3417587,33.707
Bahamas,BHS,396914,5,REPORTING,29/07/2022,349262,166471,88.816,42.333,160953,40.93,"AstraZeneca - Vaxzevria,Janssen - Ad26.COV 2-S,Pfizer BioNTech - Comirnaty,SII - Covishield",14/03/2021,4,31626,8.042
Bahrain,BHR,1748295,1,REPORTING,27/07/2022,3460885,1239317,203.393,72.834,1224286,71.95,"AstraZeneca - Vaxzevria,Beijing CNBG - BBIBP-CorV,Bharat - Covaxin,CanSino - Convidecia,Gamaleya - Gam-Covid-Vac,Gamaleya - Sputnik-Light,Janssen - Ad26.COV 2-S,Moderna - Spikevax,Pfizer BioNTech - Comirnaty,SII - Covishield,Sinovac - CoronaVac",4/11/2020,11,997282,58.609
Bangladesh,BGD,166303494,6,REPORTING,2/08/2022,290464175,129733965,176.371,78.775,120603960,73.231,"AstraZeneca - Vaxzevria,Beijing CNBG - BBIBP-CorV,Gamaleya - Gam-Covid-Vac,Janssen - Ad26.COV 2-S,Moderna - Spikevax,Pfizer BioNTech - Comirnaty,SII - Covishield,Sinovac - CoronaVac",27/01/2021,8,40126250,24.365
Barbados,BRB,287708,5,REPORTING,29/07/2022,373151,162935,129.848,56.698,153968,53.577,"AstraZeneca - Vaxzevria,Beijing CNBG - BBIBP-CorV,Janssen - Ad26.COV 2-S,Pfizer BioNTech - Comirnaty,SII - Covishield",8/01/2021,5,56248,19.573
Belarus,BLR,9340314,2,REPORTING,10/07/2022,13394906,6437839,141.8,68.13,6332753,67.018,"Beijing CNBG - BBIBP-CorV,Chumakov - Covi-Vac,Gamaleya - Gam-Covid-Vac,Gamaleya - Sputnik-Light",3/02/2021,4,922998,9.768
Belgium,BEL,11587882,2,REPORTING,10/07/2022,25675331,9239836,222.8,80.19,9143697,79.356,"AstraZeneca - Vaxzevria,Janssen - Ad26.COV 2-S,Moderna - Spikevax,Pfizer BioNTech - Comirnaty",30/12/2020,4,7181513,62.326
Belize,BLZ,404915,5,REPORTING,29/07/2022,496096,249521,124.764,62.752,218344,54.912,"AstraZeneca - Vaxzevria,Beijing CNBG - BBIBP-CorV,Janssen - Ad26.COV 2-S,Pfizer BioNTech - Comirnaty,SII - Covishield",1/03/2021,5,49936,12.558
Benin,BEN,12451031,3,REPORTING,3/07/2022,3681560,3174135,30.368,26.182,2690085,22.19,"AstraZeneca - Vaxzevria,Janssen - Ad26.COV 2-S,Pfizer BioNTech - Comirnaty,SII - Covishield,Sinovac - CoronaVac",29/03/2021,5,0,0
Bermuda,BMU,63867,5,REPORTING,29/07/2022,132042,48554,212.037,77.97,47657,76.529,"AstraZeneca - Vaxzevria,Pfizer BioNTech - Comirnaty",11/01/2021,2,31829,51.112
Bhutan,BTN,779900,6,REPORTING,31/07/2022,1917605,694208,248.521,89.969,673485,87.283,"AstraZeneca - Vaxzevria,Beijing CNBG - BBIBP-CorV,Moderna - Spikevax,Pfizer BioNTech - Comirnaty,SII - Covishield",27/03/2021,5,549912,71.268
Bolivia (Plurinational State of),BOL,11832936,5,REPORTING,29/07/2022,14728227,7310099,126.173,62.624,6093216,52.199,"Beijing CNBG - BBIBP-CorV,Gamaleya - Gam-Covid-Vac,Janssen - Ad26.COV 2-S,Moderna - Spikevax,Pfizer BioNTech - Comirnaty,SII - Covishield",30/01/2021,6,1964426,16.829
Bonaire,XAA,,5,REPORTING,29/07/2022,41223,17424,197.098,83.309,15854,75.802,,,,7945,37.987
"Bonaire, Sint Eustatius and Saba",BES,,5,OWID,1/09/2021,35845,19109,137.934,73.533,16736,64.401,"Moderna - mRNA-1273, Pfizer BioNTech - Comirnaty",,2,,
Bosnia and Herzegovina,BIH,3263459,2,REPORTING,29/01/2022,1924950,943394,58.7,28.755,846080,25.789,"AstraZeneca - AZD1222, Pfizer BioNTech - Comirnaty, Sinovac - CoronaVac, Gamaleya - Sputnik V",,4,,
Botswana,BWA,2397240,3,REPORTING,17/07/2022,2862659,1696430,121.731,72.139,1512567,64.32,"Bharat - Covaxin,Janssen - Ad26.COV 2-S,Moderna - Spikevax,Pfizer BioNTech - Comirnaty,SII - Covishield,Sinovac - CoronaVac",26/03/2021,6,405491,17.243
Brazil,BRA,213993441,5,REPORTING,29/07/2022,462896940,182136886,217.773,85.688,163391340,76.869,"AstraZeneca - Vaxzevria,Janssen - Ad26.COV 2-S,Pfizer BioNTech - Comirnaty,SII - Covishield,Sinovac - CoronaVac",17/01/2021,5,106129067,49.929
British Virgin Islands,VGB,30423,5,REPORTING,29/07/2022,41346,19433,136.74,64.269,18187,60.148,"AstraZeneca - Vaxzevria,Janssen - Ad26.COV 2-S",11/02/2021,2,3726,12.323
Brunei Darussalam,BRN,441532,4,REPORTING,10/06/2022,1190890,445849,272.216,101.913,436027,99.668,"AstraZeneca - Vaxzevria,Beijing CNBG - BBIBP-CorV,Janssen - Ad26.COV 2-S,Moderna - Spikevax,Pfizer BioNTech - Comirnaty",3/04/2021,5,307711,70.337
Bulgaria,BGR,6899125,2,REPORTING,10/07/2022,4423893,2093417,63.6,30.115,2064367,29.697,"AstraZeneca - Vaxzevria,Janssen - Ad26.COV 2-S,Moderna - Spikevax,Pfizer BioNTech - Comirnaty",30/12/2020,4,766146,11.021
Burkina Faso,BFA,21497097,3,REPORTING,17/07/2022,3134621,2551596,14.996,12.207,1640349,7.847,"Beijing CNBG - BBIBP-CorV,Janssen - Ad26.COV 2-S,SII - Covishield",2/06/2021,3,,
Burundi,BDI,12255429,3,REPORTING,24/07/2022,18568,16702,0.156,0.14,16112,0.135,Beijing CNBG - BBIBP-CorV,18/10/2021,1,11,0
Cabo Verde,CPV,561901,3,REPORTING,24/07/2022,823283,355667,148.076,63.97,307784,55.358,"Beijing CNBG - BBIBP-CorV,Moderna - Spikevax,Pfizer BioNTech - Comirnaty,SII - Covishield",18/03/2021,4,291,0.052
Cambodia,KHM,16946446,4,REPORTING,22/07/2022,41897973,15115433,250.601,90.409,14427169,86.292,"AstraZeneca - Vaxzevria,Beijing CNBG - BBIBP-CorV,Janssen - Ad26.COV 2-S,Moderna - Spikevax,Pfizer BioNTech - Comirnaty,SII - Covishield,Sinovac - CoronaVac",10/02/2021,7,9655663,57.753
Cameroon,CMR,27224262,3,REPORTING,24/07/2022,1854436,1569870,6.986,5.914,1226658,4.621,"Beijing CNBG - BBIBP-CorV,Janssen - Ad26.COV 2-S,Pfizer BioNTech - Comirnaty,SII - Covishield",12/04/2021,4,52011,0.196
Canada,CAN,38246108,5,REPORTING,29/07/2022,86602694,32636373,229.459,86.472,31365402,83.104,"AstraZeneca - Vaxzevria,Janssen - Ad26.COV 2-S,Moderna - Spikevax,Pfizer BioNTech - Comirnaty,SII - Covishield",14/12/2020,5,18977690,50.282
Cayman Islands,CYM,66498,5,REPORTING,29/07/2022,147390,61550,224.27,93.655,59972,91.254,Pfizer BioNTech - Comirnaty,15/01/2021,1,23773,36.173
Central African Republic,CAF,4919987,3,REPORTING,24/07/2022,1392969,1301882,28.841,26.955,1245498,25.788,"Bharat - Covaxin,SII - Covishield",19/03/2021,2,12108,0.251
Chad,TCD,16914985,3,REPORTING,3/07/2022,2356138,2218493,14.344,13.506,2093522,12.745,Beijing CNBG - BBIBP-CorV,4/06/2021,1,0,0
Chile,CHL,19212362,5,REPORTING,29/07/2022,60921102,18026934,318.688,94.302,17618264,92.164,"AstraZeneca - Vaxzevria,CanSino - Convidecia,Moderna - Spikevax,Pfizer BioNTech - Comirnaty,Sinovac - CoronaVac",21/12/2020,5,15355928,80.329
China,CHN,1412360000,4,REPORTING,26/07/2022,3438838803,1307356587,233.73,88.858,1267069152,86.12,"Anhui ZL - Zifivax,Beijing CNBG - BBIBP-CorV,CanSino - Convidecia,IMB - Covidful,Pfizer BioNTech - Comirnaty,Shenzhen - LV-SMENP-DC,Sinovac - CoronaVac,Wuhan CNBG - Inactivated",22/07/2020,8,775494689,52.709
Colombia,COL,51265841,5,REPORTING,29/07/2022,87079477,42573293,171.137,83.669,36397439,71.532,"AstraZeneca - Vaxzevria,Janssen - Ad26.COV 2-S,Moderna - Spikevax,Pfizer BioNTech - Comirnaty,Sinovac - CoronaVac",17/02/2021,5,13470722,26.474
Comoros,COM,888456,3,REPORTING,24/07/2022,804403,420317,92.503,48.334,381922,43.919,"Beijing CNBG - BBIBP-CorV,Bharat - Covaxin,SII - Covishield",10/04/2021,3,,
Congo,COG,5657017,3,REPORTING,17/07/2022,833078,695631,15.097,12.606,654005,11.852,"Beijing CNBG - BBIBP-CorV,Gamaleya - Gam-Covid-Vac,Moderna - Spikevax,SII - Covishield",23/03/2021,4,,
Cook Islands,COK,,4,REPORTING,10/05/2022,39612,15020,225.529,85.516,14676,83.557,Pfizer BioNTech - Comirnaty,17/05/2021,1,9916,56.456
Costa Rica,CRI,5139053,5,REPORTING,29/07/2022,11504591,4458619,225.841,87.525,4183451,82.123,"AstraZeneca - Vaxzevria,Moderna - Spikevax,Pfizer BioNTech - Comirnaty",24/12/2020,3,2438194,47.863
Côte d’Ivoire,CIV,27053629,3,REPORTING,3/07/2022,14445720,9229469,54.764,34.989,6808411,25.811,"Beijing CNBG - BBIBP-CorV,Gamaleya - Gam-Covid-Vac,Janssen - Ad26.COV 2-S,Pfizer BioNTech - Comirnaty,SII - Covishield",1/03/2021,5,388079,1.471
Croatia,HRV,3899000,2,REPORTING,10/07/2022,5260999,2314333,129.6,57.062,2240975,55.221,"AstraZeneca - Vaxzevria,Janssen - Ad26.COV 2-S,Moderna - Spikevax,Novavax-NUVAXOVID,Pfizer BioNTech - Comirnaty,Unknown Vaccine",23/12/2020,6,902234,22.233
Cuba,CUB,11317498,5,REPORTING,29/07/2022,36666496,10683850,323.72,94.325,9977667,88.09,"CIGB - CIGB-66,Finlay - Soberana Plus,Finlay - Soberana-02",,3,7441604,65.7
Curaçao,CUW,152369,5,REPORTING,29/07/2022,254829,108356,155.295,66.033,99715,60.767,"AstraZeneca - Vaxzevria,Moderna - Spikevax,Pfizer BioNTech - Comirnaty",24/02/2021,3,46758,28.495
Cyprus,CYP,1215588,2,REPORTING,10/07/2022,1807689,665934,203.6,74.992,655040,73.765,"AstraZeneca - Vaxzevria,Janssen - Ad26.COV 2-S,Moderna - Spikevax,Novavax-NUVAXOVID,Pfizer BioNTech - Comirnaty",23/12/2020,5,481992,54.278
Czechia,CZE,10703446,2,REPORTING,10/07/2022,17667263,6959686,165.2,65.081,6874066,64.28,"AstraZeneca - Vaxzevria,Janssen - Ad26.COV 2-S,Moderna - Spikevax,Novavax-NUVAXOVID,Pfizer BioNTech - Comirnaty",23/12/2020,5,4243861,39.685
Democratic Republic of the Congo,COD,92377986,3,REPORTING,17/07/2022,3745679,3450478,4.182,3.853,2262577,2.526,SII - Covishield,19/04/2021,1,,
Denmark,DNK,5856733,2,REPORTING,10/07/2022,13208110,4824394,226.8,82.854,4778706,82.069,"AstraZeneca - Vaxzevria,Janssen - Ad26.COV 2-S,Moderna - Spikevax,Pfizer BioNTech - Comirnaty,Unknown Vaccine",16/12/2020,5,3651702,62.714
Djibouti,DJI,1002197,1,REPORTING,27/07/2022,231653,211044,23.447,21.361,190673,19.299,"AstraZeneca - Vaxzevria,Beijing CNBG - BBIBP-CorV,Bharat - Covaxin,CanSino - Convidecia,Gamaleya - Gam-Covid-Vac,Gamaleya - Sputnik-Light,Janssen - Ad26.COV 2-S,Moderna - Spikevax,Pfizer BioNTech - Comirnaty,SII - Covishield,Sinovac - CoronaVac",15/03/2021,11,,
Dominica,DMA,72172,5,REPORTING,29/07/2022,66992,32872,93.056,45.661,30474,42.33,"AstraZeneca - Vaxzevria,Beijing CNBG - BBIBP-CorV,Moderna - Spikevax,Pfizer BioNTech - Comirnaty,SII - Covishield",12/02/2021,5,3646,5.065
Dominican Republic,DOM,10953714,5,REPORTING,29/07/2022,15681370,7253568,144.557,66.866,6015593,55.454,"AstraZeneca - Vaxzevria,SII - Covishield,Sinovac - CoronaVac",16/02/2021,3,2412209,22.237
Ecuador,ECU,17888474,5,REPORTING,29/07/2022,36650029,15214844,207.731,86.237,14056237,79.67,"AstraZeneca - Vaxzevria,CanSino - Convidecia,Pfizer BioNTech - Comirnaty,Sinovac - CoronaVac",20/01/2021,4,6729696,38.144
Egypt,EGY,104258327,1,REPORTING,27/07/2022,95223214,51718920,93.051,50.539,38603443,37.723,"AstraZeneca - Vaxzevria,Beijing CNBG - BBIBP-CorV,Bharat - Covaxin,CanSino - Convidecia,Gamaleya - Gam-Covid-Vac,Gamaleya - Sputnik-Light,Janssen - Ad26.COV 2-S,Moderna - Spikevax,Pfizer BioNTech - Comirnaty,Sinovac - CoronaVac",24/01/2021,10,7135881,6.973
El Salvador,SLV,6518500,5,REPORTING,29/07/2022,11090515,4612795,170.986,71.117,4316275,66.545,"AstraZeneca - Vaxzevria,Beijing CNBG - BBIBP-CorV,Moderna - Spikevax,Pfizer BioNTech - Comirnaty,SII - Covishield,Sinovac - CoronaVac",17/02/2021,6,1781722,27.469
Equatorial Guinea,GNQ,1449891,3,REPORTING,24/07/2022,488738,270109,34.836,19.252,214032,15.255,"Beijing CNBG - BBIBP-CorV,Sinovac - CoronaVac",12/02/2021,2,4597,0.328
Eritrea,ERI,,3,REPORTING,3/07/2022,,0,,0,0,0,,,,,
Estonia,EST,1329254,2,REPORTING,10/07/2022,2079468,842150,156.5,63.368,837997,63.056,"AstraZeneca - Vaxzevria,Janssen - Ad26.COV 2-S,Moderna - Spikevax,Novavax-NUVAXOVID,Pfizer BioNTech - Comirnaty",23/12/2020,5,463078,34.845
Eswatini,SWZ,1172369,3,REPORTING,24/07/2022,684885,410506,59.033,35.383,342088,29.486,"Janssen - Ad26.COV 2-S,Pfizer BioNTech - Comirnaty,SII - Covishield",19/03/2021,3,66331,5.717
Ethiopia,ETH,117876226,3,REPORTING,24/07/2022,52477385,44695420,45.647,38.878,38296046,33.311,"Beijing CNBG - BBIBP-CorV,Bharat - Covaxin,Janssen - Ad26.COV 2-S,SII - Covishield",13/03/2021,4,2612531,2.272
Falkland Islands (Malvinas),FLK,,5,REPORTING,21/06/2022,9390,3220,269.595,92.449,2976,85.444,AstraZeneca - AZD1222,,1,2543,73.012
Faroe Islands,FRO,49053,2,OWID,18/02/2022,103894,41715,212.614,85.368,40895,83.69,"Moderna - mRNA-1273, Pfizer BioNTech - Comirnaty",,2,21284,43.557
Fiji,FJI,902899,4,REPORTING,25/07/2022,1511879,707425,168.653,78.914,636149,70.964,"AstraZeneca - Vaxzevria,Moderna - Spikevax,SII - Covishield",7/03/2021,3,152049,16.961
Finland,FIN,5541696,2,REPORTING,10/07/2022,11874988,4535350,214.9,82.083,4346920,78.673,"AstraZeneca - Vaxzevria,Janssen - Ad26.COV 2-S,Moderna - Spikevax,Pfizer BioNTech - Comirnaty,Unknown Vaccine",23/12/2020,5,2992718,54.164
France,FRA,67499343,2,REPORTING,10/07/2022,150577493,54483370,223.7,80.932,52939775,78.639,"AstraZeneca - Vaxzevria,Janssen - Ad26.COV 2-S,Moderna - Spikevax,Novavax-NUVAXOVID,Pfizer BioNTech - Comirnaty,Unknown Vaccine",30/12/2020,6,40308169,59.875
French Guiana,GUF,,5,REPORTING,29/07/2022,236724,99479,79.256,33.306,90213,30.204,"Moderna - Spikevax,Pfizer BioNTech - Comirnaty",13/01/2021,2,45179,15.126
French Polynesia,PYF,282534,4,REPORTING,30/05/2022,456203,188245,162.403,67.013,184470,65.669,"Janssen - Ad26.COV 2-S,Pfizer BioNTech - Comirnaty",18/01/2021,2,92575,32.956
Gabon,GAB,2278829,3,REPORTING,10/07/2022,568751,309473,25.553,13.904,256802,11.538,"Beijing CNBG - BBIBP-CorV,Gamaleya - Gam-Covid-Vac,Pfizer BioNTech - Comirnaty",23/03/2021,3,2476,0.111
Gambia,GMB,2486937,3,REPORTING,3/07/2022,812811,449464,33.634,18.599,354340,14.662,"Beijing CNBG - BBIBP-CorV,SII - Covishield",10/03/2021,2,9007,0.373
Georgia,GEO,3708610,2,REPORTING,24/07/2022,2704816,1287586,67.8,32.277,1173009,29.405,"AstraZeneca - Vaxzevria,Beijing CNBG - BBIBP-CorV,Pfizer BioNTech - Comirnaty,Sinovac - CoronaVac",17/03/2021,4,244221,6.122
Germany,DEU,83129285,2,REPORTING,10/07/2022,183133264,64711212,220.2,77.809,64769097,77.879,"AstraZeneca - Vaxzevria,Janssen - Ad26.COV 2-S,Moderna - Spikevax,Novavax-NUVAXOVID,Pfizer BioNTech - Comirnaty,Unknown Vaccine",23/12/2020,6,51325917,61.714
Ghana,GHA,31732128,3,REPORTING,24/07/2022,18237036,11079814,58.691,35.657,7928573,25.516,"Gamaleya - Gam-Covid-Vac,SII - Covishield",2/03/2021,2,1522013,4.898
Gibraltar,GIB,33691,2,OWID,21/04/2022,119855,42074,355.748,124.882,41421,122.944,"AstraZeneca - AZD1222, Pfizer BioNTech - Comirnaty",,2,36360,107.922
Greece,GRC,10664568,2,REPORTING,10/07/2022,21231600,7902815,198.1,73.73,7721987,72.043,"AstraZeneca - Vaxzevria,Janssen - Ad26.COV 2-S,Moderna - Spikevax,Novavax-NUVAXOVID,Pfizer BioNTech - Comirnaty",23/12/2020,5,5817926,54.279
Greenland,GRL,56653,2,OWID,7/03/2022,79745,41243,140.465,72.647,38502,67.819,Moderna - mRNA-1273,,1,,
Grenada,GRD,113015,5,REPORTING,29/07/2022,89532,43878,79.568,38.995,38673,34.369,"AstraZeneca - Vaxzevria,Janssen - Ad26.COV 2-S,Pfizer BioNTech - Comirnaty,SII - Covishield",15/02/2021,4,6981,6.204
Guadeloupe,GLP,,5,REPORTING,29/07/2022,385712,150077,96.398,37.508,144196,36.038,"AstraZeneca - Vaxzevria,Janssen - Ad26.COV 2-S,Moderna - Spikevax,Pfizer BioNTech - Comirnaty",8/01/2021,6,86650,21.656
Guam,GUM,170184,4,REPORTING,24/06/2022,359972,154062,213.285,91.282,139967,82.931,"Janssen - Ad26.COV 2-S,Moderna - Spikevax,Pfizer BioNTech - Comirnaty",4/01/2021,3,69028,40.899
Guatemala,GTM,17109746,5,REPORTING,29/07/2022,18432577,8387079,102.886,46.814,6467680,36.101,"AstraZeneca - Vaxzevria,Gamaleya - Gam-Covid-Vac,Moderna - Spikevax,Pfizer BioNTech - Comirnaty,SII - Covishield",25/02/2021,5,3276727,18.29
Guernsey,GGY,,2,OWID,12/07/2022,157708,,244.63,,,,"Moderna - mRNA-1273, AstraZeneca - AZD1222, Pfizer BioNTech - Comirnaty",,3,,
Guinea,GIN,13497237,3,REPORTING,17/07/2022,6299160,4640906,47.965,35.338,2712094,20.651,"Beijing CNBG - BBIBP-CorV,Gamaleya - Gam-Covid-Vac,Janssen - Ad26.COV 2-S,Pfizer BioNTech - Comirnaty,SII - Covishield,Sinovac - CoronaVac",5/03/2021,6,1501,0.011
Guinea-Bissau,GNB,2015490,3,REPORTING,10/07/2022,573125,529954,29.122,26.929,342389,17.398,"Beijing CNBG - BBIBP-CorV,SII - Covishield",2/04/2021,2,745,0.038
Guyana,GUY,790329,5,REPORTING,29/07/2022,928268,486019,118.017,61.791,371560,47.239,"AstraZeneca - Vaxzevria,Beijing CNBG - BBIBP-CorV,Gamaleya - Gam-Covid-Vac,Janssen - Ad26.COV 2-S,Moderna - Spikevax,Pfizer BioNTech - Comirnaty,SII - Covishield",11/02/2021,7,70689,8.987
Haiti,HTI,11541683,5,REPORTING,29/07/2022,354635,249913,3.11,2.192,162599,1.426,"Janssen - Ad26.COV 2-S,Moderna - Spikevax",,2,,
Honduras,HND,10062994,5,REPORTING,29/07/2022,14730793,6227168,148.727,62.871,5454213,55.067,"AstraZeneca - Vaxzevria,Gamaleya - Gam-Covid-Vac,Janssen - Ad26.COV 2-S,Moderna - Spikevax,Pfizer BioNTech - Comirnaty,SII - Covishield",22/02/2021,6,3049787,30.792
Hungary,HUN,9709886,2,REPORTING,10/07/2022,16418264,6348367,168.1,64.981,6142534,62.874,"AstraZeneca - Vaxzevria,Beijing CNBG - BBIBP-CorV,Gamaleya - Gam-Covid-Vac,Janssen - Ad26.COV 2-S,Moderna - Spikevax,Pfizer BioNTech - Comirnaty,Sinovac - CoronaVac",23/12/2020,7,3848939,39.397
Iceland,ISL,372295,2,REPORTING,26/06/2022,811285,306672,222.8,84.22,297147,81.604,"AstraZeneca - Vaxzevria,Janssen - Ad26.COV 2-S,Moderna - Spikevax,Pfizer BioNTech - Comirnaty",30/12/2020,4,250993,68.929
India,IND,1393409033,6,REPORTING,2/08/2022,2048207705,1020002422,148.42,73.913,933624446,67.654,"Bharat - Covaxin,Biological E - Corbevax,Gamaleya - Gam-Covid-Vac,Janssen - Ad26.COV 2-S,Moderna - Spikevax,SII - Covishield,SII - Covovax,Zydus - ZyCov-D",16/01/2021,8,94580837,6.854
Indonesia,IDN,276361788,6,REPORTING,2/08/2022,429156238,202563389,156.899,74.057,170143379,62.204,"AstraZeneca - Vaxzevria,Beijing CNBG - BBIBP-CorV,Janssen - Ad26.COV 2-S,Moderna - Spikevax,Novavax-NUVAXOVID,Pfizer BioNTech - Comirnaty,Sinovac - CoronaVac",13/01/2021,7,56449470,20.638
Iran (Islamic Republic of),IRN,85028760,1,REPORTING,27/07/2022,152446648,64775465,181.499,77.12,58144526,69.225,"AstraZeneca - Vaxzevria,Beijing CNBG - BBIBP-CorV,Bharat - Covaxin,CanSino - Convidecia,Finlay - Soberana-02,Gamaleya - Gam-Covid-Vac,Gamaleya - Sputnik-Light,Janssen - Ad26.COV 2-S,Moderna - Spikevax,Pfizer BioNTech - Comirnaty,Shifa - COVIran Barakat,Sinovac - CoronaVac",9/02/2021,12,29526657,35.154
Iraq,IRQ,41179351,1,REPORTING,27/07/2022,18929174,10985871,47.061,27.313,7722021,19.198,"AstraZeneca - Vaxzevria,Beijing CNBG - BBIBP-CorV,Bharat - Covaxin,CanSino - Convidecia,Gamaleya - Gam-Covid-Vac,Gamaleya - Sputnik-Light,Janssen - Ad26.COV 2-S,Moderna - Spikevax,Pfizer BioNTech - Comirnaty,Sinovac - CoronaVac",2/03/2021,10,221282,0.55
Ireland,IRL,5028230,2,REPORTING,10/07/2022,11330933,4042369,228.2,83.909,4005074,80.675,"AstraZeneca - Vaxzevria,Janssen - Ad26.COV 2-S,Moderna - Spikevax,Novavax-NUVAXOVID,Pfizer BioNTech - Comirnaty",30/12/2020,5,2973731,59.901
Isle of Man,IMN,85410,2,OWID,23/06/2022,189994,69560,223.438,81.804,67106,78.919,"Moderna - mRNA-1273, AstraZeneca - AZD1222, Pfizer BioNTech - Comirnaty",,3,53328,62.715
Israel,ISR,9364000,2,REPORTING,5/06/2022,15026951,7055466,173.6,81.514,6385731,73.776,"AstraZeneca - Vaxzevria,Moderna - Spikevax,Pfizer BioNTech - Comirnaty",16/12/2020,3,1585754,18.321
Italy,ITA,59066225,2,REPORTING,10/07/2022,137340983,50408067,230.3,84.523,47486279,79.62,"AstraZeneca - Vaxzevria,Janssen - Ad26.COV 2-S,Moderna - Spikevax,Novavax-NUVAXOVID,Pfizer BioNTech - Comirnaty",23/12/2020,5,40925909,68.62
Jamaica,JAM,2973462,5,REPORTING,29/07/2022,1470656,820662,49.665,27.714,718485,24.264,"AstraZeneca - Vaxzevria,Beijing CNBG - BBIBP-CorV,Janssen - Ad26.COV 2-S,Pfizer BioNTech - Comirnaty,SII - Covishield",10/03/2021,5,43257,1.461
Japan,JPN,125681593,4,REPORTING,15/07/2022,288885776,103800378,228.411,82.071,102437005,80.993,"AstraZeneca - Vaxzevria,Moderna - Spikevax,Novavax-NUVAXOVID,Pfizer BioNTech - Comirnaty",17/02/2021,4,78871295,62.36
Jersey,JEY,,2,OWID,24/07/2022,237658,83808,220.47,77.747,81088,75.224,"Moderna - mRNA-1273, AstraZeneca - AZD1222, Pfizer BioNTech - Comirnaty",,3,72762,67.5
Jordan,JOR,10269022,1,REPORTING,19/07/2022,10032773,4812827,98.33,47.17,4551253,44.606,"AstraZeneca - Vaxzevria,Beijing CNBG - BBIBP-CorV,Bharat - Covaxin,CanSino - Convidecia,Gamaleya - Gam-Covid-Vac,Gamaleya - Sputnik-Light,Janssen - Ad26.COV 2-S,Moderna - Spikevax,Pfizer BioNTech - Comirnaty,Sinovac - CoronaVac",13/01/2021,10,672821,6.594
Kazakhstan,KAZ,19002586,2,REPORTING,12/06/2022,26466651,10695524,141,56.962,11225218,59.783,"Beijing CNBG - BBIBP-CorV,Gamaleya - Gam-Covid-Vac,Pfizer BioNTech - Comirnaty,RIBSP - QazVac,Sinovac - CoronaVac",7/04/2021,5,4545909,24.21
Kenya,KEN,54985702,3,REPORTING,3/07/2022,18535975,12641679,34.472,23.51,9326814,17.345,"Beijing CNBG - BBIBP-CorV,Janssen - Ad26.COV 2-S,Moderna - Spikevax,Pfizer BioNTech - Comirnaty,SII - Covishield",5/03/2021,5,376018,0.699
Kiribati,KIR,121388,4,REPORTING,19/07/2022,156812,81548,131.279,68.27,61975,51.884,"AstraZeneca - Vaxzevria,Beijing CNBG - BBIBP-CorV",26/05/2021,2,13289,11.125
Kosovo,XKX,1806279,2,REPORTING,24/07/2022,1833258,903799,102.1,50.332,823867,45.881,"AstraZeneca - Vaxzevria,Pfizer BioNTech - Comirnaty",31/03/2021,2,104525,5.821
Kuwait,KWT,4328553,1,REPORTING,27/07/2022,8173067,3439433,191.381,80.538,3329555,77.965,"AstraZeneca - Vaxzevria,Beijing CNBG - BBIBP-CorV,Bharat - Covaxin,CanSino - Convidecia,Gamaleya - Gam-Covid-Vac,Gamaleya - Sputnik-Light,Janssen - Ad26.COV 2-S,Moderna - Spikevax,Pfizer BioNTech - Comirnaty,Sinovac - CoronaVac",28/12/2020,10,1404079,32.878
Kyrgyzstan,KGZ,6694200,2,REPORTING,24/07/2022,2908879,1447154,44.6,22.181,1285793,19.708,"AstraZeneca - Vaxzevria,Beijing CNBG - BBIBP-CorV,Gamaleya - Gam-Covid-Vac,Moderna - Spikevax,Pfizer BioNTech - Comirnaty,RIBSP - QazVac",31/03/2021,6,175932,2.697
Lao People's Democratic Republic,LAO,7379358,4,REPORTING,27/06/2022,11753962,5834238,161.554,80.19,5136978,70.606,"AstraZeneca - Vaxzevria,Beijing CNBG - BBIBP-CorV,Gamaleya - Gam-Covid-Vac,Gamaleya - Sputnik-Light,Janssen - Ad26.COV 2-S,Pfizer BioNTech - Comirnaty,SII - Covishield,Sinovac - CoronaVac",25/11/2020,8,1670544,22.961
Latvia,LVA,1883162,2,REPORTING,10/07/2022,2832603,1301583,148.5,68.229,1269874,66.567,"AstraZeneca - Vaxzevria,Janssen - Ad26.COV 2-S,Moderna - Spikevax,Novavax-NUVAXOVID,Pfizer BioNTech - Comirnaty",30/12/2020,5,533387,27.96
Lebanon,LBN,6769151,1,REPORTING,27/07/2022,5720506,2709945,83.811,39.704,2385832,34.955,"AstraZeneca - Vaxzevria,Beijing CNBG - BBIBP-CorV,Bharat - Covaxin,CanSino - Convidecia,Gamaleya - Gam-Covid-Vac,Gamaleya - Sputnik-Light,Janssen - Ad26.COV 2-S,Moderna - Spikevax,Pfizer BioNTech - Comirnaty,Sinovac - CoronaVac",14/02/2021,10,624729,9.153
Lesotho,LSO,2159067,3,REPORTING,17/07/2022,1077116,924248,50.28,43.144,872661,40.736,"Beijing CNBG - BBIBP-CorV,Janssen - Ad26.COV 2-S,SII - Covishield",10/03/2021,3,43417,2.027
Liberia,LBR,5180208,3,REPORTING,3/07/2022,2921554,2645947,57.765,52.315,2328125,46.031,SII - Covishield,1/04/2021,1,1929,0.038
Libya,LBY,6958538,1,REPORTING,27/07/2022,3677815,2295317,53.524,33.404,1217626,17.72,"AstraZeneca - Vaxzevria,Beijing CNBG - BBIBP-CorV,Bharat - Covaxin,CanSino - Convidecia,Gamaleya - Gam-Covid-Vac,Gamaleya - Sputnik-Light,Janssen - Ad26.COV 2-S,Moderna - Spikevax,Pfizer BioNTech - Comirnaty,Sinovac - CoronaVac",11/04/2021,10,164872,2.399
Liechtenstein,LIE,38254,7,REPORTING,10/04/2022,71104,26681,183.5,68.86,26346,67.995,"Janssen - Ad26.COV 2-S,Moderna - Spikevax,Pfizer BioNTech - Comirnaty",6/01/2021,3,18310,47.255
Lithuania,LTU,2795321,2,REPORTING,10/07/2022,4476841,1951896,160.2,70.012,1902324,68.084,"AstraZeneca - Vaxzevria,Janssen - Ad26.COV 2-S,Moderna - Spikevax,Pfizer BioNTech - Comirnaty,Unknown Vaccine",23/12/2020,5,892285,31.935
Luxembourg,LUX,639070,2,REPORTING,10/07/2022,1274076,469419,203.5,74.974,462537,73.875,"AstraZeneca - Vaxzevria,Janssen - Ad26.COV 2-S,Moderna - Spikevax,Novavax-NUVAXOVID,Pfizer BioNTech - Comirnaty",30/12/2020,5,364497,58.216
Madagascar,MDG,28427333,3,REPORTING,24/07/2022,1610098,1340993,5.815,4.843,1297671,4.686,"Beijing CNBG - BBIBP-CorV,Janssen - Ad26.COV 2-S,SII - Covishield",10/05/2021,3,57964,0.209
Malawi,MWI,19647681,3,REPORTING,10/07/2022,3171945,2125294,16.581,11.11,1517989,7.935,"Janssen - Ad26.COV 2-S,SII - Covishield",11/03/2021,2,21417,0.112
Malaysia,MYS,32776195,4,REPORTING,7/07/2022,71301952,28046673,220.299,86.655,27318740,84.406,"AstraZeneca - Vaxzevria,Beijing CNBG - BBIBP-CorV,CanSino - Convidecia,Gamaleya - Gam-Covid-Vac,Janssen - Ad26.COV 2-S,Moderna - Spikevax,Pfizer BioNTech - Comirnaty,Sinovac - CoronaVac",24/02/2021,8,16152022,49.904
Maldives,MDV,543620,6,REPORTING,1/08/2022,949602,398995,175.675,73.814,384747,71.178,"AstraZeneca - Vaxzevria,Beijing CNBG - BBIBP-CorV,Gamaleya - Gam-Covid-Vac,Janssen - Ad26.COV 2-S,Moderna - Spikevax,Pfizer BioNTech - Comirnaty,SII - Covishield,Sinovac - CoronaVac",1/02/2021,8,165860,30.684
Mali,MLI,20855724,3,REPORTING,24/07/2022,2700389,1982922,13.335,9.792,1444558,7.133,SII - Covishield,31/03/2021,1,,
Malta,MLT,516869,2,REPORTING,10/07/2022,1261102,450237,245.1,87.499,444521,86.388,"AstraZeneca - Vaxzevria,Janssen - Ad26.COV 2-S,Moderna - Spikevax,Pfizer BioNTech - Comirnaty",23/12/2020,4,350949,68.203
Marshall Islands,MHL,59618,4,REPORTING,13/06/2022,72668,36583,122.762,61.802,29077,49.122,"Janssen - Ad26.COV 2-S,Moderna - Spikevax,Pfizer BioNTech - Comirnaty",29/12/2020,3,9519,16.081
Martinique,MTQ,,5,REPORTING,29/07/2022,391311,149803,104.276,39.919,144597,38.532,Pfizer BioNTech - Comirnaty,,1,91508,24.385
Mauritania,MRT,4775110,3,REPORTING,24/07/2022,3052866,1992317,65.658,42.849,1410195,30.329,"Beijing CNBG - BBIBP-CorV,SII - Covishield",26/03/2021,2,299820,6.448
Mauritius,MUS,1266060,3,REPORTING,24/07/2022,2566599,1021934,201.813,80.355,977728,76.879,"Beijing CNBG - BBIBP-CorV,Bharat - Covaxin,SII - Covishield",26/01/2021,3,630302,49.561
Mexico,MEX,130262220,5,REPORTING,29/07/2022,209673612,92333818,162.622,71.614,79947470,62.007,"AstraZeneca - Vaxzevria,CanSino - Convidecia,Gamaleya - Gam-Covid-Vac,Janssen - Ad26.COV 2-S,Moderna - Spikevax,Pfizer BioNTech - Comirnaty,Sinovac - CoronaVac",24/12/2020,7,56677145,43.959
Micronesia (Federated States of),FSM,116255,4,REPORTING,15/07/2022,153997,63227,133.884,54.969,61541,53.503,"AstraZeneca - Vaxzevria,Janssen - Ad26.COV 2-S,Moderna - Spikevax,Pfizer BioNTech - Comirnaty",13/01/2021,4,22930,19.935
Monaco,MCO,39520,2,REPORTING,2/01/2022,58294,23460,148.5,59.78,23356,59.515,"AstraZeneca - Vaxzevria,Janssen - Ad26.COV 2-S,Moderna - Spikevax,Novavax - Covavax,Novavax-NUVAXOVID,Pfizer BioNTech - Comirnaty",30/06/2021,6,11478,29.248
Mongolia,MNG,3329282,4,REPORTING,22/07/2022,5636406,2273863,171.931,69.361,2177208,66.413,"AstraZeneca - Vaxzevria,Beijing CNBG - BBIBP-CorV,Gamaleya - Gam-Covid-Vac,Moderna - Spikevax,Pfizer BioNTech - Comirnaty,SII - Covishield",23/02/2021,6,1049412,32.011
Montenegro,MNE,620173,2,REPORTING,24/07/2022,525718,272090,83.7,43.753,253628,40.785,"AstraZeneca - Vaxzevria,Beijing CNBG - BBIBP-CorV,Gamaleya - Gam-Covid-Vac,Pfizer BioNTech - Comirnaty,Unknown Vaccine",24/02/2021,5,0,0
Montserrat,MSR,,5,REPORTING,29/07/2022,4499,2074,89.998,41.488,1915,38.308,AstraZeneca - Vaxzevria,8/02/2021,1,510,10.202
Morocco,MAR,37344787,1,REPORTING,27/07/2022,55051989,24974386,149.15,67.662,23464808,63.572,"AstraZeneca - Vaxzevria,Beijing CNBG - BBIBP-CorV,Bharat - Covaxin,CanSino - Convidecia,Gamaleya - Gam-Covid-Vac,Gamaleya - Sputnik-Light,Janssen - Ad26.COV 2-S,Moderna - Spikevax,Pfizer BioNTech - Comirnaty,Sinovac - CoronaVac",28/01/2021,10,6710508,18.18
Mozambique,MOZ,32163045,3,REPORTING,17/07/2022,24069038,13379447,77.008,42.807,12755241,40.81,"Beijing CNBG - BBIBP-CorV,Janssen - Ad26.COV 2-S,SII - Covishield",8/03/2021,3,422998,1.353
Myanmar,MMR,54806014,6,REPORTING,18/06/2022,66954796,34777314,123.057,63.917,27545329,50.626,"Beijing CNBG - BBIBP-CorV,SII - Covishield",27/01/2021,2,2227351,4.094
Namibia,NAM,2587344,3,REPORTING,24/07/2022,879989,535335,34.633,21.069,462994,18.222,"Beijing CNBG - BBIBP-CorV,Janssen - Ad26.COV 2-S,Pfizer BioNTech - Comirnaty,SII - Covishield",19/03/2021,4,79366,3.124
Nauru,NRU,10873,4,REPORTING,31/03/2022,22976,9464,212.073,87.355,8585,79.241,"AstraZeneca - Vaxzevria,SII - Covishield",9/04/2021,2,4927,45.477
Nepal,NPL,29674920,6,REPORTING,30/07/2022,52867991,25026214,181.447,85.892,20579365,70.63,"AstraZeneca - Vaxzevria,Beijing CNBG - BBIBP-CorV,Bharat - Covaxin,Gamaleya - Gam-Covid-Vac,Janssen - Ad26.COV 2-S,Moderna - Spikevax,Pfizer BioNTech - Comirnaty,SII - Covishield",27/01/2021,8,7262412,24.925
Netherlands,NLD,17533405,2,REPORTING,10/07/2022,36046148,12951723,207.1,74.403,12110463,69.57,"AstraZeneca - Vaxzevria,Janssen - Ad26.COV 2-S,Moderna - Spikevax,Novavax-NUVAXOVID,Pfizer BioNTech - Comirnaty,Unknown Vaccine",6/01/2021,6,9388009,53.931
New Caledonia,NCL,272620,4,REPORTING,20/06/2022,461856,188411,161.772,65.994,180351,63.171,"Janssen - Ad26.COV 2-S,Pfizer BioNTech - Comirnaty",20/01/2021,2,93094,32.608
New Zealand,NZL,5122600,4,REPORTING,8/07/2022,11214234,4261857,232.553,88.379,4089091,84.797,"AstraZeneca - Vaxzevria,Janssen - Ad26.COV 2-S,Novavax-NUVAXOVID,Pfizer BioNTech - Comirnaty",19/02/2021,4,2708195,56.161
Nicaragua,NIC,6702379,5,REPORTING,29/07/2022,11602504,5991284,175.144,90.441,5611220,84.703,"AstraZeneca - Vaxzevria,CIGB - CIGB-66,Finlay - Soberana Plus,Finlay - Soberana-02,Gamaleya - Gam-Covid-Vac,Gamaleya - Sputnik-Light,Janssen - Ad26.COV 2-S,Pfizer BioNTech - Comirnaty,SII - Covishield",3/03/2021,9,,
Niger,NER,25130810,3,REPORTING,17/07/2022,4394310,3647695,18.153,15.069,2888988,11.935,"Beijing CNBG - BBIBP-CorV,SII - Covishield",29/03/2021,2,,
Nigeria,NGA,211400704,3,REPORTING,17/07/2022,56126494,36549506,27.227,17.73,24675659,11.97,SII - Covishield,5/03/2021,1,1389661,0.674
Niue,NIU,,4,REPORTING,13/03/2022,4161,1650,257.169,101.978,1417,87.577,Pfizer BioNTech - Comirnaty,8/06/2021,1,1094,67.614
North Macedonia,MKD,2065092,2,REPORTING,24/07/2022,1856093,854061,89.1,41.135,837577,40.341,"AstraZeneca - Vaxzevria,Beijing CNBG - BBIBP-CorV,Gamaleya - Gam-Covid-Vac,Pfizer BioNTech - Comirnaty,Sinovac - CoronaVac,Wuhan CNBG - Inactivated",17/02/2021,6,159804,7.697
Northern Mariana Islands (Commonwealth of the),MNP,57910,4,REPORTING,27/05/2022,110882,44814,192.647,77.86,43944,76.349,"Janssen - Ad26.COV 2-S,Moderna - Spikevax,Pfizer BioNTech - Comirnaty",19/12/2020,3,23286,40.457
Norway,NOR,5408320,2,REPORTING,3/07/2022,11353153,4340590,211.5,80.867,4052978,75.508,"AstraZeneca - Vaxzevria,Janssen - Ad26.COV 2-S,Moderna - Spikevax,Pfizer BioNTech - Comirnaty",23/12/2020,4,2966644,55.27
occupied Palestinian territory,PSE,,1,REPORTING,19/07/2022,3737310,2009619,73.26,39.393,1773409,34.763,"AstraZeneca - Vaxzevria,Beijing CNBG - BBIBP-CorV,Bharat - Covaxin,CanSino - Convidecia,Gamaleya - Gam-Covid-Vac,Gamaleya - Sputnik-Light,Janssen - Ad26.COV 2-S,Moderna - Spikevax,Pfizer BioNTech - Comirnaty,Sinovac - CoronaVac",2/02/2021,10,332418,6.516
Oman,OMN,5223376,1,REPORTING,6/07/2022,7075878,3268765,138.563,64.01,3041332,59.557,"AstraZeneca - Vaxzevria,Beijing CNBG - BBIBP-CorV,Bharat - Covaxin,CanSino - Convidecia,Gamaleya - Gam-Covid-Vac,Gamaleya - Sputnik-Light,Janssen - Ad26.COV 2-S,Moderna - Spikevax,Pfizer BioNTech - Comirnaty,SII - Covishield,Sinovac - CoronaVac",29/12/2020,11,765781,14.996
Pakistan,PAK,225199929,1,REPORTING,27/07/2022,302466054,153423938,136.929,69.456,131000973,59.305,"AstraZeneca - Vaxzevria,Beijing CNBG - BBIBP-CorV,Bharat - Covaxin,CanSino - Convidecia,Gamaleya - Gam-Covid-Vac,Gamaleya - Sputnik-Light,Janssen - Ad26.COV 2-S,Moderna - Spikevax,Pfizer BioNTech - Comirnaty,SII - Covishield,Sinovac - CoronaVac",3/02/2021,11,35743464,16.181
Palau,PLW,18174,4,REPORTING,24/06/2022,47642,20247,263.332,111.911,18043,99.729,"Janssen - Ad26.COV 2-S,Moderna - Spikevax,Pfizer BioNTech - Comirnaty",3/01/2021,3,11704,64.692
Panama,PAN,4381583,5,REPORTING,29/07/2022,8484779,3490333,196.645,80.893,3128973,72.518,"AstraZeneca - Vaxzevria,Pfizer BioNTech - Comirnaty",20/01/2021,2,1674737,38.814
Papua New Guinea,PNG,9119005,4,REPORTING,29/06/2022,466668,339974,5.216,3.8,280580,3.136,"AstraZeneca - Vaxzevria,Beijing CNBG - BBIBP-CorV,Janssen - Ad26.COV 2-S,SII - Covishield",30/03/2021,4,21585,0.241
Paraguay,PRY,7219641,5,REPORTING,29/07/2022,9228436,3945707,129.385,55.32,3488170,48.905,"AstraZeneca - Vaxzevria,Beijing CNBG - BBIBP-CorV,Bharat - Covaxin,Gamaleya - Gam-Covid-Vac,Julphar - Hayat-Vax,Moderna - Spikevax,Pfizer BioNTech - Comirnaty,Sinovac - CoronaVac",22/02/2021,8,1554875,21.8
Peru,PER,33359416,5,REPORTING,29/07/2022,80359632,29670539,243.722,89.987,27889114,84.585,"AstraZeneca - Vaxzevria,Beijing CNBG - BBIBP-CorV,Moderna - Spikevax,Pfizer BioNTech - Comirnaty",9/02/2021,4,19624602,59.519
Philippines,PHL,111046910,4,REPORTING,21/07/2022,157393539,76635114,143.632,69.935,72054011,65.754,"AstraZeneca - Vaxzevria,Beijing CNBG - BBIBP-CorV,Bharat - Covaxin,Gamaleya - Gam-Covid-Vac,Gamaleya - Sputnik-Light,Janssen - Ad26.COV 2-S,Julphar - Hayat-Vax,Moderna - Spikevax,Novavax-NUVAXOVID,Pfizer BioNTech - Comirnaty,Sinovac - CoronaVac",1/03/2021,11,15844691,14.459
Pitcairn Islands,PCN,,4,REPORTING,28/02/2022,106,46,212,92,37,74,AstraZeneca - Vaxzevria,17/05/2021,1,23,46
Poland,POL,37781024,2,REPORTING,10/07/2022,54662485,22834602,144,60.157,22539239,59.379,"AstraZeneca - Vaxzevria,Janssen - Ad26.COV 2-S,Moderna - Spikevax,Novavax-NUVAXOVID,Pfizer BioNTech - Comirnaty",23/12/2020,5,12112778,31.911
Portugal,PRT,10299423,2,REPORTING,10/07/2022,24729042,9735391,240.2,94.655,8893110,86.375,"AstraZeneca - Vaxzevria,Beijing CNBG - BBIBP-CorV,Bharat - Covaxin,Janssen - Ad26.COV 2-S,Moderna - Spikevax,Novavax-NUVAXOVID,Pfizer BioNTech - Comirnaty,Sinovac - CoronaVac",23/12/2020,8,6802387,66.069
Puerto Rico,PRI,3263584,5,REPORTING,29/07/2022,7411316,3066321,259.06,107.182,2675514,93.522,"Janssen - Ad26.COV 2-S,Moderna - Spikevax,Pfizer BioNTech - Comirnaty",,3,1606100,56.141
Qatar,QAT,2930524,1,REPORTING,27/07/2022,7318022,2743470,254.005,95.225,2747470,95.363,"AstraZeneca - Vaxzevria,Beijing CNBG - BBIBP-CorV,Bharat - Covaxin,CanSino - Convidecia,Gamaleya - Gam-Covid-Vac,Gamaleya - Sputnik-Light,Janssen - Ad26.COV 2-S,Moderna - Spikevax,Pfizer BioNTech - Comirnaty,Sinovac - CoronaVac",,10,1827082,63.417
Republic of Korea,KOR,,4,REPORTING,21/07/2022,128050297,45078810,249.761,87.926,44643393,87.076,"AstraZeneca - Vaxzevria,Janssen - Ad26.COV 2-S,Moderna - Spikevax,Novavax-NUVAXOVID,Pfizer BioNTech - Comirnaty",26/02/2021,5,33422874,65.191
Republic of Moldova,MDA,,2,REPORTING,24/07/2022,2209103,1097086,54.8,27.196,1067547,26.464,"AstraZeneca - Vaxzevria,Beijing CNBG - BBIBP-CorV,Gamaleya - Gam-Covid-Vac,Janssen - Ad26.COV 2-S,Moderna - Spikevax,Pfizer BioNTech - Comirnaty,Sinovac - CoronaVac",3/03/2021,7,345891,8.574
Romania,ROU,19115146,2,REPORTING,10/07/2022,16047828,8176457,83,42.302,8126237,42.042,"AstraZeneca - Vaxzevria,Janssen - Ad26.COV 2-S,Moderna - Spikevax,Pfizer BioNTech - Comirnaty",27/01/2021,4,1749321,9.05
Russian Federation,RUS,143446060,2,OWID,2/08/2022,169735679,82034136,116.3,56.213,74969766,51.372,"SRCVB - EpiVacCorona, Gamaleya - Sputnik V",,2,,
Rwanda,RWA,13276517,3,REPORTING,24/07/2022,25522207,10940142,197.049,84.465,10414585,80.408,"Beijing CNBG - BBIBP-CorV,Gamaleya - Gam-Covid-Vac,Janssen - Ad26.COV 2-S,Moderna - Spikevax,Pfizer BioNTech - Comirnaty,SII - Covishield,Sinovac - CoronaVac",5/03/2021,7,4192311,32.368
Saba,XCA,,5,REPORTING,29/07/2022,4419,1680,228.608,86.912,1639,84.79,,,,1100,56.906
Saint Helena,SHN,,3,OWID,5/05/2021,7892,4361,129.995,71.833,3531,58.162,AstraZeneca - AZD1222,,1,,
Saint Kitts and Nevis,KNA,53546,5,REPORTING,29/07/2022,62450,32127,117.405,60.398,26858,50.493,"AstraZeneca - Vaxzevria,Pfizer BioNTech - Comirnaty,SII - Covishield",22/02/2021,3,3443,6.473
Saint Lucia,LCA,184401,5,REPORTING,29/07/2022,122036,59778,66.459,32.554,54550,29.707,"AstraZeneca - Vaxzevria,Janssen - Ad26.COV 2-S,Moderna - Spikevax,Pfizer BioNTech - Comirnaty,SII - Covishield",17/02/2021,5,7708,4.198
Saint Vincent and the Grenadines,VCT,111269,5,REPORTING,29/07/2022,72202,37011,65.082,33.361,31144,28.073,"AstraZeneca - Vaxzevria,Gamaleya - Gam-Covid-Vac,Gamaleya - Sputnik-Light,Pfizer BioNTech - Comirnaty,SII - Covishield",1/02/2021,5,4047,3.648
Samoa,WSM,200144,4,REPORTING,29/05/2022,439060,190053,221.285,95.786,174125,87.758,"AstraZeneca - Vaxzevria,Pfizer BioNTech - Comirnaty",18/04/2021,2,74882,37.74
San Marino,SMR,34010,2,REPORTING,22/05/2022,69338,26357,204.3,76.501,23633,68.595,"Gamaleya - Gam-Covid-Vac,Pfizer BioNTech - Comirnaty",24/02/2021,2,19348,56.158
Sao Tome and Principe,STP,223364,3,REPORTING,17/07/2022,221655,125550,101.139,57.287,99341,45.328,"AstraZeneca - Vaxzevria,SII - Covishield",15/03/2021,2,25542,11.655
Saudi Arabia,SAU,35340680,1,REPORTING,20/06/2022,66700629,26713922,191.592,76.734,25082132,72.046,"AstraZeneca - Vaxzevria,Beijing CNBG - BBIBP-CorV,Bharat - Covaxin,CanSino - Convidecia,Gamaleya - Gam-Covid-Vac,Gamaleya - Sputnik-Light,Janssen - Ad26.COV 2-S,Moderna - Spikevax,Pfizer BioNTech - Comirnaty,Sinovac - CoronaVac",6/01/2021,10,14904575,42.812
Senegal,SEN,17196308,3,REPORTING,24/07/2022,2099601,1446823,12.539,8.641,1071360,6.398,"Beijing CNBG - BBIBP-CorV,Janssen - Ad26.COV 2-S,SII - Covishield",23/02/2021,3,11952,0.071
Serbia,SRB,6844078,2,REPORTING,12/06/2022,6708547,3391961,96.9,48.969,3316586,47.881,"AstraZeneca - Vaxzevria,Beijing CNBG - BBIBP-CorV,Gamaleya - Gam-Covid-Vac,Moderna - Spikevax,Pfizer BioNTech - Comirnaty",23/12/2020,5,0,0
Seychelles,SYC,99202,3,REPORTING,24/07/2022,209471,85233,212.992,86.666,80990,82.351,"Beijing CNBG - BBIBP-CorV,Gamaleya - Gam-Covid-Vac,Julphar - Hayat-Vax,SII - Covishield",10/01/2021,4,44156,44.898
Sierra Leone,SLE,8141343,3,REPORTING,24/07/2022,3526495,2645861,44.208,33.169,1918592,24.052,"Beijing CNBG - BBIBP-CorV,SII - Covishield",15/03/2021,2,14920,0.187
Singapore,SGP,5453566,4,REPORTING,25/07/2022,14272705,5021910,243.964,85.84,4999903,85.463,"AstraZeneca - Vaxzevria,Beijing CNBG - BBIBP-CorV,Moderna - Spikevax,Pfizer BioNTech - Comirnaty",30/12/2020,4,4250892,72.661
Sint Eustatius,XBA,,5,REPORTING,29/07/2022,4257,1791,135.616,57.056,1686,53.711,,,,780,24.849
Sint Maarten,SXM,42846,5,REPORTING,29/07/2022,63735,28407,148.629,66.245,26417,61.604,"AstraZeneca - Vaxzevria,Moderna - Spikevax,Pfizer BioNTech - Comirnaty",22/02/2021,3,8911,20.78
Slovakia,SVK,5447247,2,REPORTING,10/07/2022,7080956,2822559,129.7,51.715,2772729,50.802,"AstraZeneca - Vaxzevria,Gamaleya - Gam-Covid-Vac,Janssen - Ad26.COV 2-S,Moderna - Spikevax,Novavax-NUVAXOVID,Pfizer BioNTech - Comirnaty",6/01/2021,6,1653983,30.305
Slovenia,SVN,2107007,2,REPORTING,10/07/2022,2956707,1236292,141.1,59.017,1205608,57.523,"AstraZeneca - Vaxzevria,Janssen - Ad26.COV 2-S,Moderna - Spikevax,Novavax-NUVAXOVID,Pfizer BioNTech - Comirnaty",23/12/2020,5,650124,31.019
Solomon Islands,SLB,703995,4,REPORTING,17/07/2022,505010,295016,73.522,42.95,192043,27.959,"AstraZeneca - Vaxzevria,Beijing CNBG - BBIBP-CorV,Pfizer BioNTech - Comirnaty,SII - Covishield",23/03/2021,4,17987,2.619
Somalia,SOM,16359500,1,REPORTING,27/07/2022,3648859,2807072,22.959,17.662,2040506,12.839,"AstraZeneca - Vaxzevria,Beijing CNBG - BBIBP-CorV,Bharat - Covaxin,CanSino - Convidecia,Gamaleya - Gam-Covid-Vac,Gamaleya - Sputnik-Light,Janssen - Ad26.COV 2-S,Moderna - Spikevax,Pfizer BioNTech - Comirnaty,SII - Covishield,Sinovac - CoronaVac",16/03/2021,11,,
South Africa,ZAF,60041996,3,REPORTING,24/07/2022,37110233,23465741,62.571,39.565,20510815,34.583,"Janssen - Ad26.COV 2-S,Pfizer BioNTech - Comirnaty",17/02/2021,2,3579222,6.035
South Sudan,SSD,11381377,3,REPORTING,24/07/2022,1461516,1411298,13.057,12.608,1369250,12.232,"Janssen - Ad26.COV 2-S,SII - Covishield",6/04/2021,2,,
Spain,ESP,47326687,2,REPORTING,10/07/2022,102480315,41243255,216.5,87.135,37428893,79.076,"AstraZeneca - Vaxzevria,Janssen - Ad26.COV 2-S,Moderna - Spikevax,Pfizer BioNTech - Comirnaty",30/12/2020,4,25573549,54.029
Sri Lanka,LKA,22156000,6,REPORTING,28/07/2022,39666023,17105217,185.241,79.881,14555036,67.972,"AstraZeneca - Vaxzevria,Beijing CNBG - BBIBP-CorV,Gamaleya - Gam-Covid-Vac,Moderna - Spikevax,Pfizer BioNTech - Comirnaty,SII - Covishield",29/01/2021,6,8005770,37.387
Sudan,SDN,44909351,1,REPORTING,30/05/2022,8179010,6651268,18.653,15.168,4536964,10.347,"AstraZeneca - Vaxzevria,Beijing CNBG - BBIBP-CorV,Bharat - Covaxin,CanSino - Convidecia,Gamaleya - Gam-Covid-Vac,Gamaleya - Sputnik-Light,Janssen - Ad26.COV 2-S,Moderna - Spikevax,Pfizer BioNTech - Comirnaty,SII - Covishield,Sinovac - CoronaVac",9/03/2021,11,50234,0.115
Suriname,SUR,591798,5,REPORTING,29/07/2022,554588,267820,94.538,45.654,237879,40.55,"AstraZeneca - Vaxzevria,Beijing CNBG - BBIBP-CorV,Moderna - Spikevax,Pfizer BioNTech - Comirnaty,SII - Covishield",23/02/2021,5,48889,8.334
Sweden,SWE,10415811,2,REPORTING,10/07/2022,22055820,7560493,213.6,73.207,7399467,71.648,"AstraZeneca - Vaxzevria,Moderna - Spikevax,Novavax-NUVAXOVID,Pfizer BioNTech - Comirnaty,Unknown Vaccine",23/12/2020,5,5472434,52.988
Switzerland,CHE,8697723,2,REPORTING,24/07/2022,15680251,6090398,181.2,70.769,5714078,66.396,"Janssen - Ad26.COV 2-S,Moderna - Spikevax,Novavax-NUVAXOVID,Pfizer BioNTech - Comirnaty",23/12/2020,4,3935007,45.724
Syrian Arab Republic,SYR,18275704,1,REPORTING,19/07/2022,4389805,2842478,25.084,16.242,1914784,10.941,"AstraZeneca - Vaxzevria,Beijing CNBG - BBIBP-CorV,Bharat - Covaxin,CanSino - Convidecia,Gamaleya - Gam-Covid-Vac,Gamaleya - Sputnik-Light,Janssen - Ad26.COV 2-S,Moderna - Spikevax,Pfizer BioNTech - Comirnaty,SII - Covishield,Sinovac - CoronaVac",1/04/2021,11,34606,0.198
Tajikistan,TJK,9749625,2,REPORTING,12/06/2022,13782905,5220731,144.5,54.738,5034819,52.789,"AstraZeneca - Vaxzevria,Gamaleya - Gam-Covid-Vac,Moderna - Spikevax,Pfizer BioNTech - Comirnaty,SII - Covishield,Sinovac - CoronaVac",24/03/2021,6,3527355,36.984
Thailand,THA,69950844,6,REPORTING,1/08/2022,140844067,56842387,201.782,81.436,53182355,76.193,"AstraZeneca - Vaxzevria,Beijing CNBG - BBIBP-CorV,Janssen - Ad26.COV 2-S,Moderna - Spikevax,Pfizer BioNTech - Comirnaty,SII - Covishield,SII - Covovax,Sinovac - CoronaVac",28/02/2021,8,30819325,44.154
The United Kingdom,GBR,67326569,2,REPORTING,20/07/2022,150393033,53684877,221.5,78.879,50403747,74.058,"AstraZeneca - Vaxzevria,Moderna - Spikevax,Pfizer BioNTech - Comirnaty",21/12/2020,3,,
Timor-Leste,TLS,1343875,6,REPORTING,2/08/2022,1757560,845153,133.306,64.102,732690,55.572,"AstraZeneca - Vaxzevria,Pfizer BioNTech - Comirnaty,SII - Covishield,Sinovac - CoronaVac",7/04/2021,4,179717,13.631
Togo,TGO,8478242,3,REPORTING,24/07/2022,3222792,2138953,38.929,25.837,1557538,18.814,SII - Covishield,10/03/2021,1,72830,0.88
Tokelau,TKL,,4,REPORTING,21/04/2022,3326,1339,246.37,99.185,1125,83.333,Pfizer BioNTech - Comirnaty,20/07/2021,1,862,63.852
Tonga,TON,106759,4,REPORTING,13/06/2022,194869,77510,184.369,73.334,72688,68.771,"AstraZeneca - Vaxzevria,Pfizer BioNTech - Comirnaty",14/04/2021,2,44708,42.299
Trinidad and Tobago,TTO,1403374,5,REPORTING,29/07/2022,1576976,752159,112.682,53.745,715336,51.114,"AstraZeneca - Vaxzevria,Beijing CNBG - BBIBP-CorV,Janssen - Ad26.COV 2-S,Pfizer BioNTech - Comirnaty,SII - Covishield",17/02/2021,5,167222,11.949
Tunisia,TUN,11935764,1,REPORTING,27/07/2022,14907870,8892359,126.139,75.24,6378774,53.972,"AstraZeneca - Vaxzevria,Beijing CNBG - BBIBP-CorV,Bharat - Covaxin,CanSino - Convidecia,Gamaleya - Gam-Covid-Vac,Gamaleya - Sputnik-Light,Janssen - Ad26.COV 2-S,Moderna - Spikevax,Pfizer BioNTech - Comirnaty,Sinovac - CoronaVac",13/03/2021,10,1326940,11.228
Turkey,TUR,85042736,2,OWID,2/08/2022,149563323,57874843,177.3,69.599,53105133,63.863,"Pfizer BioNTech - Comirnaty, Sinovac - CoronaVac, Turkovac",,3,,
Turkmenistan,TKM,6117933,2,REPORTING,6/03/2022,7140000,2970000,118.4,49.244,2920000,48.415,"Anhui ZL - Zifivax,AstraZeneca - Vaxzevria,Beijing CNBG - BBIBP-CorV,Gamaleya - Gam-Covid-Vac,RIBSP - QazVac,SRCVB - EpiVacCorona,Unknown Vaccine",24/02/2021,7,1250000,20.726
Turks and Caicos Islands,TCA,39226,5,REPORTING,29/07/2022,70169,32189,181.231,83.137,30129,77.817,Pfizer BioNTech - Comirnaty,11/01/2021,1,7851,20.277
Tuvalu,TUV,11925,4,REPORTING,5/04/2022,12528,6368,106.242,54.003,6160,52.239,AstraZeneca - Vaxzevria,13/04/2021,1,,
Uganda,UGA,47123533,3,REPORTING,24/07/2022,24655406,18081463,53.902,39.53,12280315,26.847,"Janssen - Ad26.COV 2-S,Moderna - Spikevax,Pfizer BioNTech - Comirnaty,SII - Covishield,Sinovac - CoronaVac",10/03/2021,5,361585,0.791
Ukraine,UKR,43814581,2,REPORTING,27/02/2022,31668577,15774300,72.4,36.069,15153577,34.65,"AstraZeneca - Vaxzevria,Janssen - Ad26.COV 2-S,Moderna - Spikevax,Pfizer BioNTech - Comirnaty,SII - Covishield,Sinovac - CoronaVac",24/02/2021,6,741197,1.695
United Arab Emirates,ARE,9991083,1,REPORTING,6/07/2022,24922054,9991089,251.982,101.018,9792266,99.008,"AstraZeneca - Vaxzevria,Beijing CNBG - BBIBP-CorV,Bharat - Covaxin,CanSino - Convidecia,Gamaleya - Gam-Covid-Vac,Gamaleya - Sputnik-Light,Janssen - Ad26.COV 2-S,Moderna - Spikevax,Pfizer BioNTech - Comirnaty,SII - Covishield,Sinovac - CoronaVac",,11,5138699,51.956
United Republic of Tanzania,TZA,,3,REPORTING,24/07/2022,16871609,13445924,28.244,22.51,12036710,20.15,"Beijing CNBG - BBIBP-CorV,Janssen - Ad26.COV 2-S,Pfizer BioNTech - Comirnaty",28/07/2021,3,,
United States of America,USA,331893745,5,REPORTING,29/07/2022,595655408,265091732,179.955,80.087,220588382,66.642,"Janssen - Ad26.COV 2-S,Moderna - Spikevax,Pfizer BioNTech - Comirnaty",14/12/2020,3,106276530,32.107
Uruguay,URY,3485152,5,REPORTING,29/07/2022,8711881,2998704,250.793,86.325,2889649,83.186,"AstraZeneca - Vaxzevria,Pfizer BioNTech - Comirnaty,Sinovac - CoronaVac",27/02/2021,3,2059509,59.288
Uzbekistan,UZB,34915100,2,REPORTING,10/07/2022,58191020,19890447,173.9,59.429,15794134,47.19,"Anhui ZL - Zifivax,Gamaleya - Gam-Covid-Vac,Gamaleya - Sputnik-Light,Moderna - Spikevax,Pfizer BioNTech - Comirnaty,SII - Covishield,Sinovac - CoronaVac,Unknown Vaccine",28/04/2021,8,12184343,36.405
Vanuatu,VUT,314464,4,REPORTING,19/06/2022,260304,143339,84.75,46.668,130607,42.523,"AstraZeneca - Vaxzevria,Beijing CNBG - BBIBP-CorV,Janssen - Ad26.COV 2-S",2/06/2021,3,15966,5.198
Venezuela (Bolivarian Republic of),VEN,28704947,5,REPORTING,29/07/2022,37860994,22157232,133.145,77.92,14287370,50.244,"Beijing CNBG - BBIBP-CorV,CIGB - CIGB-66,Finlay - Soberana-02,Gamaleya - Gam-Covid-Vac,Gamaleya - Sputnik-Light,Sinovac - CoronaVac",22/02/2021,6,651502,2.291
Viet Nam,VNM,98168829,4,REPORTING,21/07/2022,241480787,87717272,248.083,90.116,81040637,83.256,"AstraZeneca - Vaxzevria,Beijing CNBG - BBIBP-CorV,CIGB - CIGB-66,Gamaleya - Gam-Covid-Vac,Moderna - Spikevax,Pfizer BioNTech - Comirnaty",8/03/2021,6,63619909,65.359
Wallis and Futuna,WLF,,4,REPORTING,14/04/2022,16426,6592,146.061,58.616,6633,58.981,Moderna - Spikevax,19/03/2021,1,3201,28.463
Yemen,YEM,30490639,1,REPORTING,4/07/2022,874886,708152,2.933,2.374,450163,1.509,"AstraZeneca - Vaxzevria,Beijing CNBG - BBIBP-CorV,Bharat - Covaxin,CanSino - Convidecia,Gamaleya - Gam-Covid-Vac,Gamaleya - Sputnik-Light,Janssen - Ad26.COV 2-S,Moderna - Spikevax,Pfizer BioNTech - Comirnaty,SII - Covishield,Sinovac - CoronaVac",20/04/2021,11,80,0
Zambia,ZMB,18920657,3,REPORTING,24/07/2022,7592850,6941919,41.302,37.761,4928116,26.807,"Beijing CNBG - BBIBP-CorV,Janssen - Ad26.COV 2-S,SII - Covishield",14/04/2021,3,466107,2.535
Zimbabwe,ZWE,15092171,3,REPORTING,24/07/2022,11970435,6349256,80.539,42.719,4702463,31.639,"Beijing CNBG - BBIBP-CorV,Bharat - Covaxin,Gamaleya - Gam-Covid-Vac,Sinovac - CoronaVac",18/02/2021,4,918716,6.181
